Ivan,Djukic,admin,admin,29/05/2022,ivan.djukic2012@gmail.com
Milan,Jelic,milan,milan123
Rajko,Rajkovic,rajko,rajko123
Borut,Mohor,borut,br123
Rajko,Kockar,kockica,rajko123
Marko,Markovic,mario,mario123
Mirko,Mirković,miki,miki123,06/06/2022,miki.mirkovic@hotmail.com
Marko,Marković,marko,marko123
